id;first_name;last_name;middle_name;salary;photo;photo_content_type;description;description_content_type;notes;notes_content_type
1;Kelley;Kovacek;Frozen bus;76078;73797374656d20536d616c6c;image/png;486172626f72204d6f6e74616e61;image/png;7768697465204272616e64204d6f6e6579204d61726b6574204163636f756e74;image/png
2;Maude;Crooks;Web virtual deposit;87146;4558452070726f6a656374696f6e204672657368;image/png;7769746864726177616c;image/png;6162696c697479204861742049726171;image/png
3;Jazmin;Ernser;Concrete 24/7 Directives;32320;666163696c697461746520546173747920436f6e6372657465204368697073204578636c7573697665;image/png;6d697373696f6e2d637269746963616c;image/png;43616e616469616e20446f6c6c6172;image/png
4;Justine;Kuhn;Designer Persistent;67213;52652d636f6e7465787475616c697a6564;image/png;627970617373696e67206f70746963616c;image/png;417267656e74696e65205065736f;image/png
5;Ryann;McLaughlin;Algerian Dinar;1658;5175616c697479;image/png;466f72696e74;image/png;50726f666f756e64;image/png
6;Chanel;Schumm;Macao Equatorial Guinea Vision-oriented;9310;6576656e2d6b65656c6564205361696e742048656c656e6120506f756e64;image/png;627970617373696e67204d61726b6574696e67;image/png;4272616e64696e67;image/png
7;Waylon;Abshire;Gloves;54873;46697368;image/png;46697368;image/png;6c6f63616c2061726561206e6574776f726b2042656e696e;image/png
8;Johann;Hilll;dedicated Persevering;97301;646f742d636f6d207061796d656e74204c696279616e2044696e6172;image/png;63616c63756c617465;image/png;56696c6c6167657320756e69666f726d20504349;image/png
9;Neha;Armstrong;Tactics architectures Planner;96361;65636f2d63656e7472696320426564666f72647368697265206d657368;image/png;4572676f6e6f6d696320436f6e637265746520536f6170205a616d6269616e204b7761636861;image/png;706f7274616c2063616c63756c6174696e67204d6574616c;image/png
10;Melody;Herzog;discrete redundant;81011;536c65656b20426561757479204175746f204c6f616e204163636f756e74;image/png;657874656e6420556e6272616e6465642046726573682050616e747320546f6f6c73;image/png;696d706c656d656e746174696f6e;image/png
